genus,age,latitude
spisula,Modern,32.33993
spisula,Modern,26.5138
spisula,Modern,24.82443
spisula,Modern,27.15005
spisula,Modern,27.69569
spisula,Modern,28.32001
spisula,Modern,34.71624
spisula,Modern,24.82443
spisula,Modern,27.2706
spisula,Modern,34.71822
spisula,Modern,24.82443
spisula,Modern,29.90632
spisula,Modern,32.79802
spisula,Modern,26.436427
spisula,Modern,38.951535
spisula,Modern,40.146667
spisula,Modern,39.354225
spisula,Modern,39.850013
spisula,Modern,39.274437
spisula,Modern,34.653867
spisula,Modern,28.388288
spisula,Modern,34.647884
spisula,Modern,27.687486
spisula,Modern,40.479313
spisula,Modern,39.062957
spisula,Modern,38.602028
spisula,Modern,35.875343
spisula,Modern,32.790055
spisula,Modern,30.565407
spisula,Modern,39.279963
spisula,Modern,40.408008
spisula,Modern,39.853386
spisula,Modern,27.320013
spisula,Modern,33.912528
spisula,Modern,39.853386
spisula,Modern,38.516501
spisula,Modern,26.436918
spisula,Modern,26.020601
spisula,Modern,35.184656
spisula,Modern,38.720663
spisula,Modern,39.01518
spisula,Modern,39.975627
spisula,Modern,38.768969
spisula,Modern,39.932519
spisula,Modern,34.647638
spisula,Modern,26.436792
spisula,Modern,39.73642
spisula,Modern,39.920532
spisula,Modern,26.435926
spisula,Modern,33.837623
spisula,Modern,39.097559
spisula,Modern,38.606494
spisula,Modern,39.355628
spisula,Modern,39.278345
spisula,Modern,40.213375
spisula,Modern,39.280357
spisula,Modern,39.842977
spisula,Modern,39.229736
spisula,Modern,38.607417
spisula,Modern,26.436814
spisula,Modern,40.458899
spisula,Modern,38.609106
spisula,Modern,38.592894
spisula,Modern,26.36557
spisula,Modern,26.436496
spisula,Modern,38.607581
spisula,Modern,27.513746
spisula,Modern,40.459457
spisula,Modern,28.293488
spisula,Modern,36.839451
spisula,Modern,26.441922
spisula,Modern,26.436111
spisula,Modern,27.470784
spisula,Modern,39.9425
spisula,Modern,26.436291
spisula,Modern,40.429044
spisula,Modern,39.90909
spisula,Modern,27.271387
spisula,Modern,40.417219
spisula,Modern,39.325626
spisula,Modern,38.692772
spisula,Modern,39.048843
spisula,Modern,40.500309
spisula,Modern,29.714078
spisula,Modern,26.430472
spisula,Modern,39.924387
spisula,Modern,38.723288
spisula,Modern,38.949856
spisula,Modern,27.620082
spisula,Modern,39.311947
spisula,Modern,39.850013
spisula,Modern,27.275588
spisula,Modern,25.920245
spisula,Modern,39.357788
spisula,Modern,26.437591
spisula,Modern,38.950849
spisula,Modern,26.436277
spisula,Modern,38.974195
spisula,Modern,27.265423
spisula,Modern,38.046489
spisula,Modern,38.609422
spisula,Modern,39.854251
spisula,Modern,38.607553
spisula,Modern,27.791188
spisula,Modern,40.143232
spisula,Modern,27.709178
spisula,Modern,27.946162
spisula,Modern,26.481758
spisula,Modern,27.270344
spisula,Modern,39.27739
spisula,Modern,39.320105
spisula,Modern,26.43608
spisula,Modern,40.458899
spisula,Modern,40.146602
spisula,Modern,39.355633
spisula,Modern,38.951535
spisula,Modern,38.950849
spisula,Modern,39.842977
spisula,Modern,35.771544
spisula,Modern,38.768969
spisula,Modern,26.481771
spisula,Modern,29.716958
spisula,Modern,39.850013
spisula,Modern,26.441903
spisula,Modern,32.173646
spisula,Modern,38.428286
spisula,Modern,39.312742
spisula,Modern,26.436267
spisula,Modern,29.734763
spisula,Modern,40.435608
spisula,Modern,40.475899
spisula,Modern,26.43632
spisula,Modern,26.219144
spisula,Modern,35.773268
spisula,Modern,39.265839
spisula,Modern,26.43652
spisula,Modern,39.852768
spisula,Modern,39.054255
spisula,Modern,40.115601
spisula,Modern,38.6096
spisula,Modern,38.951535
spisula,Modern,40.160252
spisula,Modern,40.110683
spisula,Modern,39.320248
spisula,Modern,26.43631
spisula,Modern,39.339992
spisula,Modern,36.914172
spisula,Modern,39.03682
spisula,Modern,26.436128
spisula,Modern,27.246674
spisula,Modern,38.951535
spisula,Modern,38.429824
spisula,Modern,33.840513
spisula,Modern,35.769958
spisula,Modern,40.213324
spisula,Modern,39.063153
spisula,Modern,40.408138
spisula,Modern,40.416808
spisula,Modern,38.768969
spisula,Modern,26.445531
spisula,Modern,26.481353
spisula,Modern,25.937407
spisula,Modern,33.35
spisula,Modern,26.442205
spisula,Modern,27.789858
spisula,Modern,39.420005
spisula,Modern,38.606843
spisula,Modern,40.407376
spisula,Modern,39.36038
spisula,Modern,26.436069
spisula,Modern,38.740239
spisula,Modern,40.428162
spisula,Modern,38.606458
spisula,Modern,39.349664
spisula,Modern,39.309028
spisula,Modern,26.437509
spisula,Modern,39.067147
spisula,Modern,26.479785
spisula,Modern,27.590934
spisula,Modern,26.021207
spisula,Modern,39.048573
spisula,Modern,26.480491
spisula,Modern,35.250537
spisula,Modern,38.964508
spisula,Modern,39.815202
spisula,Modern,30.661985
spisula,Modern,38.689172
spisula,Modern,39.313409
spisula,Modern,32.577128
spisula,Modern,34.647635
spisula,Modern,27.263538
spisula,Modern,38.79345
spisula,Modern,40.164056
spisula,Modern,26.436383
spisula,Modern,32.790103
spisula,Modern,39.178558
spisula,Modern,38.749037
spisula,Modern,38.2033
spisula,Modern,26.436054
spisula,Modern,35.558493
spisula,Modern,29.732725
spisula,Modern,37.129397
spisula,Modern,39.350275
spisula,Modern,38.60757
spisula,Modern,40.416906
spisula,Modern,40.316257
spisula,Modern,26.435874
spisula,Modern,37.936223
spisula,Modern,26.466737
spisula,Modern,39.933459
spisula,Modern,40.100547
spisula,Modern,39.963035
spisula,Modern,26.432892
spisula,Modern,40.209198
spisula,Modern,40.406637
spisula,Modern,28.356029
spisula,Modern,40.106282
spisula,Modern,36.915387
spisula,Modern,38.606336
spisula,Modern,40.509459
spisula,Modern,36.69138
spisula,Modern,39.351445
spisula,Modern,40.229073
spisula,Modern,31.429825
spisula,Modern,39.27267
spisula,Modern,39.265165
spisula,Modern,38.970238
spisula,Modern,29.718719
spisula,Modern,39.850013
spisula,Modern,26.442178
spisula,Modern,26.436657
spisula,Modern,36.131451
spisula,Modern,38.207903
spisula,Modern,38.878935
spisula,Modern,39.321397
spisula,Modern,38.60766
spisula,Modern,39.850646
spisula,Modern,27.809415
spisula,Modern,27.265423
spisula,Modern,38.951015
spisula,Modern,38.963314
spisula,Modern,38.932059
spisula,Modern,26.43608
spisula,Modern,26.327115
spisula,Modern,39.278702
spisula,Modern,37.906373
spisula,Modern,39.853386
spisula,Modern,40.428167
spisula,Modern,33.913263
spisula,Modern,39.162325
spisula,Modern,35.210788
spisula,Modern,40.43122
spisula,Modern,39.32622
spisula,Modern,29.73215
spisula,Modern,37.911194
spisula,Modern,26.211498
spisula,Modern,40.4727
spisula,Modern,39.951365
spisula,Modern,39.351025
spisula,Modern,38.748673
spisula,Modern,38.950849
spisula,Modern,40.146727
spisula,Modern,39.01518
spisula,Modern,40.447088
spisula,Modern,38.799301
spisula,Modern,39.320248
spisula,Modern,35.339473
spisula,Modern,36.668024
spisula,Modern,39.364811
spisula,Modern,38.607917
spisula,Modern,38.211033
spisula,Modern,38.609204
spisula,Modern,27.253886
spisula,Modern,29.896037
spisula,Modern,36.078288
spisula,Modern,38.601753
spisula,Modern,26.435963
spisula,Modern,40.154558
spisula,Modern,39.062001
spisula,Modern,40.401411
spisula,Modern,38.9481
spisula,Modern,29.735241
spisula,Modern,39.723659
spisula,Modern,38.720663
spisula,Modern,27.695686
spisula,Modern,26.436211
spisula,Modern,39.355642
spisula,Modern,36.031326
spisula,Modern,38.504988
spisula,Modern,28.069206
spisula,Modern,29.713794
spisula,Modern,26.436351
spisula,Modern,40.313641
spisula,Modern,26.442182
spisula,Modern,37.0567
spisula,Modern,37.0567
spisula,Modern,29.0129
spisula,Modern,27.32273
spisula,Modern,30.670342
spisula,Modern,26.09726
spisula,Modern,27.69763
spisula,Modern,26.52813
spisula,Modern,26.43711
spisula,Modern,26.09726
spisula,Modern,27.11342
spisula,Modern,26.43711
spisula,Modern,26.43711
spisula,Modern,40.12611
spisula,Modern,30.85083
spisula,Modern,32.79
spisula,Modern,36.38
spisula,Modern,39.28
spisula,Modern,31.44
spisula,Modern,34.72
spisula,Modern,39.36
spisula,Modern,36.01
spisula,Modern,39.36
spisula,Modern,33.82
spisula,Modern,38.94
spisula,Modern,38.9917
spisula,Modern,30.42
spisula,Modern,35.22
spisula,Modern,39.1
spisula,Modern,25.87
spisula,Modern,39.36
spisula,Modern,39.36
spisula,Modern,39.28
spisula,Modern,38.94
spisula,Modern,39.28
spisula,Modern,38.94
spisula,Modern,35.13
spisula,Modern,27.443
spisula,Modern,30.6677
spisula,Modern,26.44
spisula,Modern,39.364
spisula,Modern,38.987
spisula,Modern,27.443
spisula,Modern,38.430372
spisula,Modern,39.379585
spisula,Modern,26.074675
spisula,Modern,26.43711
spisula,Modern,27.69763
spisula,Modern,24.8238
spisula,Modern,34.6969
spisula,Modern,30.670342
spisula,Modern,29.0129
spisula,Modern,27.79585
spisula,Modern,26.445829
spisula,Modern,32.0
spisula,Modern,26.683333
spisula,Modern,26.35
spisula,Modern,39.36169
spisula,Modern,28.110749
spisula,Modern,36.168273
spisula,Modern,27.876801
spisula,Modern,27.724453
spisula,Modern,40.058324
spisula,Modern,27.513682
spisula,Modern,39.060014
spisula,Modern,39.349978
spisula,Modern,39.352858
spisula,Modern,38.604469
spisula,Modern,27.261849
spisula,Modern,26.436364
spisula,Modern,37.908318
spisula,Modern,25.9583
spisula,Modern,33.5167
spisula,Modern,25.9717
spisula,Modern,26.45
spisula,Modern,26.4306
spisula,Modern,39.357249
spisula,Modern,25.94121
spisula,Modern,39.36
spisula,Modern,25.97
spisula,Modern,39.38
spisula,Modern,38.9889
spisula,Modern,31.07
spisula,Modern,38.95
spisula,Modern,32.51
spisula,Modern,26.44
spisula,Modern,39.36
spisula,Modern,39.36
spisula,Modern,38.98
spisula,Modern,37.27
spisula,Modern,33.82
spisula,Modern,39.1
spisula,Modern,39.4
spisula,Modern,28.31972
spisula,Modern,26.14167
spisula,Modern,25.972222
spisula,Modern,26.433333
spisula,Modern,27.770556
spisula,Modern,26.44
spisula,Modern,27.95
spisula,Modern,39.362425
spisula,Modern,34.927
spisula,Modern,26.200367
spisula,Modern,25.94
spisula,Modern,24.819859
spisula,Modern,27.784245
spisula,Modern,27.716667
spisula,Modern,37.605
spisula,Modern,29.95
spisula,Modern,26.522778
spisula,Modern,26.333333
spisula,Modern,26.333333
spisula,Modern,26.133333
parvilucina,Modern,27.4655
parvilucina,Modern,34.396
parvilucina,Modern,27.74836
parvilucina,Modern,27.2416
parvilucina,Modern,25.73591
parvilucina,Modern,25.939741
parvilucina,Modern,27.2144
parvilucina,Modern,34.647697
parvilucina,Modern,26.436633
parvilucina,Modern,27.790123
parvilucina,Modern,26.521127
parvilucina,Modern,26.439183
parvilucina,Modern,26.479868
parvilucina,Modern,25.939741
parvilucina,Modern,25.7883
parvilucina,Modern,28.0
parvilucina,Modern,25.7883
parvilucina,Modern,25.7883
parvilucina,Modern,25.7883
parvilucina,Modern,25.7883
parvilucina,Modern,27.88
parvilucina,Modern,25.7883
parvilucina,Modern,25.7883
parvilucina,Modern,25.7883
parvilucina,Modern,25.7883
parvilucina,Modern,25.7883
parvilucina,Modern,25.7883
parvilucina,Modern,27.88
parvilucina,Modern,25.7883
parvilucina,Modern,25.7883
parvilucina,Modern,25.7883
parvilucina,Modern,25.77
parvilucina,Modern,25.7883
parvilucina,Modern,25.7883
parvilucina,Modern,26.5708
parvilucina,Modern,27.11077
parvilucina,Modern,27.34728
parvilucina,Modern,26.6147
parvilucina,Modern,27.88
parvilucina,Modern,26.5708
parvilucina,Modern,27.465524
parvilucina,Modern,28.14592
parvilucina,Modern,30.4036
parvilucina,Modern,35.13
parvilucina,Modern,27.97
parvilucina,Modern,26.44
parvilucina,Modern,27.75
parvilucina,Modern,27.4655
parvilucina,Modern,25.08611
parvilucina,Modern,24.695
parvilucina,Modern,27.74828
parvilucina,Modern,26.5708
parvilucina,Modern,24.7613
parvilucina,Modern,27.15181
parvilucina,Modern,26.5708
parvilucina,Modern,26.94
parvilucina,Modern,26.494167
parvilucina,Modern,25.817496
parvilucina,Modern,26.9225
parvilucina,Modern,26.07
parvilucina,Modern,26.87
parvilucina,Modern,25.7883
parvilucina,Modern,27.283333
noetia,Modern,33.551
noetia,Modern,34.71822
noetia,Modern,39.16706
noetia,Modern,27.74836
noetia,Modern,27.39057
noetia,Modern,31.21755
noetia,Modern,32.79802
noetia,Modern,28.32001
noetia,Modern,27.74836
noetia,Modern,34.46295
noetia,Modern,27.44671
noetia,Modern,34.71624
noetia,Modern,28.32001
noetia,Modern,27.74836
noetia,Modern,29.90632
noetia,Modern,33.646265
noetia,Modern,33.458488
noetia,Modern,28.399514
noetia,Modern,26.087613
noetia,Modern,35.212291
noetia,Modern,29.549884
noetia,Modern,34.697642
noetia,Modern,26.435252
noetia,Modern,25.920245
noetia,Modern,27.265423
noetia,Modern,28.388288
noetia,Modern,30.67185
noetia,Modern,32.787957
noetia,Modern,25.81383
noetia,Modern,29.72669
noetia,Modern,29.772311
noetia,Modern,33.732752
noetia,Modern,26.437728
noetia,Modern,26.523854
noetia,Modern,26.481837
noetia,Modern,35.213819
noetia,Modern,33.91377
noetia,Modern,26.436382
noetia,Modern,25.894385
noetia,Modern,36.692853
noetia,Modern,29.914352
noetia,Modern,26.33158
noetia,Modern,32.374568
noetia,Modern,27.254577
noetia,Modern,27.709221
noetia,Modern,29.243517
noetia,Modern,28.388288
noetia,Modern,32.655279
noetia,Modern,34.697681
noetia,Modern,35.21398
noetia,Modern,30.457037
noetia,Modern,29.785302
noetia,Modern,25.919907
noetia,Modern,35.223945
noetia,Modern,33.514562
noetia,Modern,34.647617
noetia,Modern,26.435663
noetia,Modern,34.6473
noetia,Modern,30.664678
noetia,Modern,26.480494
noetia,Modern,28.857791
noetia,Modern,32.173405
noetia,Modern,31.955579
noetia,Modern,26.435904
noetia,Modern,31.184342
noetia,Modern,35.223956
noetia,Modern,30.456733
noetia,Modern,36.031304
noetia,Modern,29.085189
noetia,Modern,30.381162
noetia,Modern,33.646957
noetia,Modern,28.040971
noetia,Modern,29.227897
noetia,Modern,29.230342
noetia,Modern,26.578353
noetia,Modern,33.646265
noetia,Modern,28.911371
noetia,Modern,33.83663
noetia,Modern,29.802545
noetia,Modern,29.884821
noetia,Modern,29.83001
noetia,Modern,26.306965
noetia,Modern,30.287833
noetia,Modern,27.246924
noetia,Modern,26.453613
noetia,Modern,30.251292
noetia,Modern,26.447703
noetia,Modern,26.437722
noetia,Modern,26.273237
noetia,Modern,27.538753
noetia,Modern,27.255205
noetia,Modern,33.646957
noetia,Modern,26.548668
noetia,Modern,35.219708
noetia,Modern,29.150701
noetia,Modern,26.163155
noetia,Modern,26.436683
noetia,Modern,29.028561
noetia,Modern,30.397528
noetia,Modern,34.647472
noetia,Modern,25.91383
noetia,Modern,31.955579
noetia,Modern,29.152815
noetia,Modern,26.479807
noetia,Modern,26.436521
noetia,Modern,26.435819
noetia,Modern,26.09515
noetia,Modern,32.800817
noetia,Modern,25.782611
noetia,Modern,29.549884
noetia,Modern,34.647665
noetia,Modern,26.460869
noetia,Modern,34.647042
noetia,Modern,29.114931
noetia,Modern,28.010856
noetia,Modern,35.837842
noetia,Modern,26.437733
noetia,Modern,33.350011
noetia,Modern,26.522308
noetia,Modern,34.694044
noetia,Modern,26.428394
noetia,Modern,27.487855
noetia,Modern,35.77198
noetia,Modern,26.44217
noetia,Modern,33.638901
noetia,Modern,26.443679
noetia,Modern,26.436382
noetia,Modern,26.481758
noetia,Modern,27.246553
noetia,Modern,29.723525
noetia,Modern,36.168273
noetia,Modern,29.549884
noetia,Modern,26.177903
noetia,Modern,35.250537
noetia,Modern,35.558493
noetia,Modern,27.690497
noetia,Modern,28.27589
noetia,Modern,32.651335
noetia,Modern,29.126884
noetia,Modern,27.089867
noetia,Modern,27.270636
noetia,Modern,27.099354
noetia,Modern,25.917313
noetia,Modern,34.441269
noetia,Modern,30.662887
noetia,Modern,34.64763
noetia,Modern,26.438513
noetia,Modern,26.337914
noetia,Modern,28.376347
noetia,Modern,27.139513
noetia,Modern,36.088154
noetia,Modern,33.701594
noetia,Modern,29.814078
noetia,Modern,26.044922
noetia,Modern,35.873712
noetia,Modern,34.693432
noetia,Modern,35.236153
noetia,Modern,33.388612
noetia,Modern,27.265423
noetia,Modern,27.896002
noetia,Modern,28.336727
noetia,Modern,28.388288
noetia,Modern,27.798945
noetia,Modern,29.096509
noetia,Modern,26.436451
noetia,Modern,26.462872
noetia,Modern,29.627103
noetia,Modern,33.644927
noetia,Modern,26.436186
noetia,Modern,29.209788
noetia,Modern,27.246971
noetia,Modern,27.271031
noetia,Modern,26.436525
noetia,Modern,35.716667
noetia,Modern,28.073715
noetia,Modern,26.44656
noetia,Modern,28.911432
noetia,Modern,26.444538
noetia,Modern,29.816434
noetia,Modern,26.436563
noetia,Modern,30.638515
noetia,Modern,29.549884
noetia,Modern,29.70187
noetia,Modern,26.962867
noetia,Modern,33.646265
noetia,Modern,34.672937
noetia,Modern,28.327287
noetia,Modern,26.44656
noetia,Modern,27.246387
noetia,Modern,35.715308
noetia,Modern,34.68508
noetia,Modern,27.008835
noetia,Modern,26.126073
noetia,Modern,28.899908
noetia,Modern,36.380288
noetia,Modern,26.438072
noetia,Modern,34.708889
noetia,Modern,29.147642
noetia,Modern,34.679276
noetia,Modern,26.123239
noetia,Modern,29.228975
noetia,Modern,26.330603
noetia,Modern,28.315229
noetia,Modern,36.158446
noetia,Modern,29.296495
noetia,Modern,35.715182
noetia,Modern,26.319203
noetia,Modern,25.816624
noetia,Modern,33.350128
noetia,Modern,26.436876
noetia,Modern,33.514562
noetia,Modern,33.9635
noetia,Modern,32.78913
noetia,Modern,28.318682
noetia,Modern,25.90104
noetia,Modern,36.133632
noetia,Modern,27.798547
noetia,Modern,30.040655
noetia,Modern,26.326269
noetia,Modern,26.436242
noetia,Modern,32.653935
noetia,Modern,30.162186
noetia,Modern,33.882219
noetia,Modern,34.647674
noetia,Modern,29.725257
noetia,Modern,28.677195
noetia,Modern,26.477628
noetia,Modern,33.646957
noetia,Modern,35.831928
noetia,Modern,33.647648
noetia,Modern,34.647688
noetia,Modern,28.673813
noetia,Modern,33.700958
noetia,Modern,28.911139
noetia,Modern,28.999973
noetia,Modern,30.594197
noetia,Modern,29.896404
noetia,Modern,27.246536
noetia,Modern,28.861761
noetia,Modern,28.676954
noetia,Modern,29.549884
noetia,Modern,34.647645
noetia,Modern,26.351472
noetia,Modern,27.253886
noetia,Modern,26.450018
noetia,Modern,30.648661
noetia,Modern,29.723839
noetia,Modern,33.646957
noetia,Modern,26.442183
noetia,Modern,30.040153
noetia,Modern,26.458645
noetia,Modern,33.998122
noetia,Modern,33.924228
noetia,Modern,35.231165
noetia,Modern,26.482722
noetia,Modern,26.442215
noetia,Modern,28.901547
noetia,Modern,33.349972
noetia,Modern,33.759625
noetia,Modern,27.390235
noetia,Modern,26.885026
noetia,Modern,26.953896
noetia,Modern,29.286972
noetia,Modern,32.7389
noetia,Modern,29.806947
noetia,Modern,30.457358
noetia,Modern,26.211466
noetia,Modern,31.955579
noetia,Modern,26.331353
noetia,Modern,28.316004
noetia,Modern,26.435889
noetia,Modern,28.658691
noetia,Modern,34.647701
noetia,Modern,28.950669
noetia,Modern,33.913772
noetia,Modern,29.316575
noetia,Modern,26.436731
noetia,Modern,33.962208
noetia,Modern,35.558493
noetia,Modern,26.443397
noetia,Modern,28.18074
noetia,Modern,30.287844
noetia,Modern,33.840295
noetia,Modern,33.689012
noetia,Modern,28.901482
noetia,Modern,26.609775
noetia,Modern,33.350098
noetia,Modern,34.647614
noetia,Modern,33.646957
noetia,Modern,29.040847
noetia,Modern,30.356313
noetia,Modern,26.023196
noetia,Modern,30.66755
noetia,Modern,26.4609
noetia,Modern,26.527752
noetia,Modern,26.45818
noetia,Modern,26.442122
noetia,Modern,34.694069
noetia,Modern,26.043966
noetia,Modern,33.620716
noetia,Modern,28.969849
noetia,Modern,26.611738
noetia,Modern,29.652054
noetia,Modern,29.913397
noetia,Modern,26.33227
noetia,Modern,29.822433
noetia,Modern,30.459428
noetia,Modern,26.482458
noetia,Modern,26.43647
noetia,Modern,28.683175
noetia,Modern,29.735988
noetia,Modern,33.350097
noetia,Modern,33.622711
noetia,Modern,30.119286
noetia,Modern,30.287847
noetia,Modern,28.684308
noetia,Modern,26.436045
noetia,Modern,33.649985
noetia,Modern,30.287869
noetia,Modern,26.435958
noetia,Modern,28.329077
noetia,Modern,28.898771
noetia,Modern,29.028707
noetia,Modern,28.658676
noetia,Modern,29.28843
noetia,Modern,27.709097
noetia,Modern,29.549884
noetia,Modern,26.034047
noetia,Modern,35.213459
noetia,Modern,26.438095
noetia,Modern,26.210966
noetia,Modern,33.349828
noetia,Modern,26.44192
noetia,Modern,29.186417
noetia,Modern,27.896002
noetia,Modern,26.074045
noetia,Modern,26.692255
noetia,Modern,28.137117
noetia,Modern,26.160414
noetia,Modern,26.329953
noetia,Modern,34.64727
noetia,Modern,36.389149
noetia,Modern,26.468546
noetia,Modern,33.319591
noetia,Modern,26.458192
noetia,Modern,29.153012
noetia,Modern,33.619662
noetia,Modern,33.913476
noetia,Modern,28.650295
noetia,Modern,26.21615
noetia,Modern,26.436661
noetia,Modern,29.488571
noetia,Modern,33.636322
noetia,Modern,27.090861
noetia,Modern,28.388288
noetia,Modern,29.770934
noetia,Modern,26.021383
noetia,Modern,29.664137
noetia,Modern,33.59248
noetia,Modern,28.319623
noetia,Modern,28.684587
noetia,Modern,27.474167
noetia,Modern,28.898722
noetia,Modern,26.33137
noetia,Modern,35.250537
noetia,Modern,33.506897
noetia,Modern,29.720228
noetia,Modern,26.436657
noetia,Modern,32.652958
noetia,Modern,26.436214
noetia,Modern,35.266504
noetia,Modern,35.22488
noetia,Modern,35.896434
noetia,Modern,26.131645
noetia,Modern,28.6771
noetia,Modern,26.608625
noetia,Modern,29.408598
noetia,Modern,35.211882
noetia,Modern,26.436229
noetia,Modern,26.610053
noetia,Modern,25.922539
noetia,Modern,26.07426
noetia,Modern,26.062919
noetia,Modern,32.216316
noetia,Modern,30.287831
noetia,Modern,26.996542
noetia,Modern,26.43632
noetia,Modern,33.620962
noetia,Modern,33.732466
noetia,Modern,25.922554
noetia,Modern,34.647787
noetia,Modern,26.458167
noetia,Modern,27.733444
noetia,Modern,29.729887
noetia,Modern,36.853213
noetia,Modern,26.436876
noetia,Modern,29.057039
noetia,Modern,27.265423
noetia,Modern,32.652397
noetia,Modern,26.437211
noetia,Modern,33.804118
noetia,Modern,28.343124
noetia,Modern,25.129147
noetia,Modern,26.326269
noetia,Modern,26.427662
noetia,Modern,26.608625
noetia,Modern,29.371814
noetia,Modern,26.437446
noetia,Modern,26.41252
noetia,Modern,29.202858
noetia,Modern,29.277745
noetia,Modern,29.229216
noetia,Modern,29.549884
noetia,Modern,29.671976
noetia,Modern,32.805912
noetia,Modern,32.01585
noetia,Modern,26.087639
noetia,Modern,33.486115
noetia,Modern,26.436234
noetia,Modern,28.376394
noetia,Modern,36.380288
noetia,Modern,27.247125
noetia,Modern,28.141744
noetia,Modern,26.870533
noetia,Modern,26.608617
noetia,Modern,29.826703
noetia,Modern,28.32
noetia,Modern,29.772059
noetia,Modern,28.68552
noetia,Modern,26.527578
noetia,Modern,26.207092
noetia,Modern,29.719666
noetia,Modern,28.134754
noetia,Modern,35.715308
noetia,Modern,34.417217
noetia,Modern,33.913917
noetia,Modern,26.488328
noetia,Modern,29.90793
noetia,Modern,28.673158
noetia,Modern,29.908037
noetia,Modern,27.101945
noetia,Modern,25.90104
noetia,Modern,29.163739
noetia,Modern,33.349997
noetia,Modern,32.78476
noetia,Modern,33.514562
noetia,Modern,26.436551
noetia,Modern,26.482458
noetia,Modern,35.225117
noetia,Modern,33.913145
noetia,Modern,26.608672
noetia,Modern,34.647699
noetia,Modern,27.265423
noetia,Modern,29.913397
noetia,Modern,32.800817
noetia,Modern,26.482722
noetia,Modern,33.706852
noetia,Modern,29.033615
noetia,Modern,26.098313
noetia,Modern,29.713598
noetia,Modern,35.346908
noetia,Modern,33.804812
noetia,Modern,29.616215
noetia,Modern,33.826839
noetia,Modern,29.914791
noetia,Modern,33.350013
noetia,Modern,35.712547
noetia,Modern,35.250537
noetia,Modern,25.811723
noetia,Modern,26.48704
noetia,Modern,25.809658
noetia,Modern,28.717295
noetia,Modern,26.458647
noetia,Modern,28.719922
noetia,Modern,26.424165
noetia,Modern,29.672144
noetia,Modern,26.611662
noetia,Modern,34.679408
noetia,Modern,27.790241
noetia,Modern,26.331762
noetia,Modern,27.265423
noetia,Modern,33.913155
noetia,Modern,26.527578
noetia,Modern,25.818082
noetia,Modern,35.766417
noetia,Modern,29.004687
noetia,Modern,28.911139
noetia,Modern,33.808535
noetia,Modern,28.899062
noetia,Modern,32.562966
noetia,Modern,35.715581
noetia,Modern,26.436352
noetia,Modern,33.514562
noetia,Modern,33.350017
noetia,Modern,26.437822
noetia,Modern,26.482122
noetia,Modern,26.06377
noetia,Modern,28.26663
noetia,Modern,26.020601
noetia,Modern,29.630538
noetia,Modern,26.437921
noetia,Modern,29.028697
noetia,Modern,30.040236
noetia,Modern,26.436214
noetia,Modern,34.647518
noetia,Modern,26.480155
noetia,Modern,27.697256
noetia,Modern,33.721432
noetia,Modern,35.828547
noetia,Modern,28.677044
noetia,Modern,27.275588
noetia,Modern,26.436189
noetia,Modern,30.381272
noetia,Modern,26.435969
noetia,Modern,35.714855
noetia,Modern,28.899062
noetia,Modern,28.813532
noetia,Modern,30.285797
noetia,Modern,28.388288
noetia,Modern,27.266555
noetia,Modern,35.210788
noetia,Modern,32.809356
noetia,Modern,33.759613
noetia,Modern,35.223633
noetia,Modern,35.339469
noetia,Modern,26.436966
noetia,Modern,26.441913
noetia,Modern,26.436061
noetia,Modern,33.959648
noetia,Modern,26.436557
noetia,Modern,33.695422
noetia,Modern,29.549884
noetia,Modern,29.882289
noetia,Modern,35.717072
noetia,Modern,28.720255
noetia,Modern,27.708978
noetia,Modern,26.489237
noetia,Modern,33.647711
noetia,Modern,38.234142
noetia,Modern,29.911705
noetia,Modern,25.937258
noetia,Modern,29.844639
noetia,Modern,26.44193
noetia,Modern,34.656192
noetia,Modern,33.826839
noetia,Modern,33.898312
noetia,Modern,36.133527
noetia,Modern,29.715208
noetia,Modern,26.444538
noetia,Modern,29.664115
noetia,Modern,29.227658
noetia,Modern,26.435819
noetia,Modern,26.43672
noetia,Modern,35.14666
noetia,Modern,28.911139
noetia,Modern,26.412307
noetia,Modern,29.909863
noetia,Modern,29.592147
noetia,Modern,33.732305
noetia,Modern,29.789513
noetia,Modern,26.435749
noetia,Modern,26.436128
noetia,Modern,28.680883
noetia,Modern,29.725613
noetia,Modern,29.853141
noetia,Modern,29.662514
noetia,Modern,27.473709
noetia,Modern,26.60905
noetia,Modern,30.287803
noetia,Modern,35.717613
noetia,Modern,33.913803
noetia,Modern,26.432892
noetia,Modern,27.723566
noetia,Modern,35.82563
noetia,Modern,29.232858
noetia,Modern,35.115925
noetia,Modern,26.021207
noetia,Modern,27.092342
noetia,Modern,26.351472
noetia,Modern,28.68507
noetia,Modern,29.040595
noetia,Modern,26.436968
noetia,Modern,30.457272
noetia,Modern,28.023026
noetia,Modern,28.910111
noetia,Modern,33.350067
noetia,Modern,28.910425
noetia,Modern,26.48844
noetia,Modern,27.709045
noetia,Modern,35.716967
noetia,Modern,29.766919
noetia,Modern,29.727332
noetia,Modern,26.521021
noetia,Modern,26.896416
noetia,Modern,35.469167
noetia,Modern,29.853141
noetia,Modern,27.890817
noetia,Modern,28.011097
noetia,Modern,29.832527
noetia,Modern,26.749798
noetia,Modern,26.482675
noetia,Modern,34.647608
noetia,Modern,27.33921
noetia,Modern,35.804497
noetia,Modern,27.265423
noetia,Modern,29.746951
noetia,Modern,25.92061
noetia,Modern,28.676221
noetia,Modern,35.800762
noetia,Modern,29.655365
noetia,Modern,27.265423
noetia,Modern,26.608412
noetia,Modern,28.18071
noetia,Modern,26.480678
noetia,Modern,33.963382
noetia,Modern,33.912591
noetia,Modern,36.302212
noetia,Modern,35.714292
noetia,Modern,26.020817
noetia,Modern,25.920074
noetia,Modern,29.725257
noetia,Modern,26.442181
noetia,Modern,32.785919
noetia,Modern,25.1424
noetia,Modern,33.68889
noetia,Modern,30.6976
noetia,Modern,26.43711
noetia,Modern,26.43711
noetia,Modern,33.68889
noetia,Modern,27.192
noetia,Modern,26.43711
noetia,Modern,26.14359
noetia,Modern,27.89175
noetia,Modern,35.13
noetia,Modern,26.62
noetia,Modern,39.36
noetia,Modern,30.49
noetia,Modern,26.44
noetia,Modern,36.38
noetia,Modern,32.38
noetia,Modern,30.1
noetia,Modern,33.69
noetia,Modern,33.69
noetia,Modern,37.93
noetia,Modern,27.49
noetia,Modern,27.8
noetia,Modern,29.89
noetia,Modern,33.69
noetia,Modern,26.44
noetia,Modern,26.44
noetia,Modern,28.32
noetia,Modern,38.94
noetia,Modern,34.72
noetia,Modern,30.61
noetia,Modern,27.5
noetia,Modern,25.94
noetia,Modern,27.443
noetia,Modern,26.44
noetia,Modern,30.399
noetia,Modern,35.833763
noetia,Modern,29.59213
noetia,Modern,27.69763
noetia,Modern,29.4695
noetia,Modern,29.8997
noetia,Modern,27.32273
noetia,Modern,26.5708
noetia,Modern,27.45
noetia,Modern,29.2125
noetia,Modern,26.444407
noetia,Modern,34.687885
noetia,Modern,26.482458
noetia,Modern,28.336742
noetia,Modern,32.167472
noetia,Modern,27.763514
noetia,Modern,31.628887
noetia,Modern,26.425563
noetia,Modern,27.265423
noetia,Modern,29.789392
noetia,Modern,33.731718
noetia,Modern,34.695643
noetia,Modern,33.966003
noetia,Modern,28.668597
noetia,Modern,35.904572
noetia,Modern,26.96717
noetia,Modern,25.920822
noetia,Modern,33.604609
noetia,Modern,29.033569
noetia,Modern,28.179749
noetia,Modern,33.349832
noetia,Modern,28.898772
noetia,Modern,27.265423
noetia,Modern,37.020805
noetia,Modern,26.437033
noetia,Modern,26.608625
noetia,Modern,33.757042
noetia,Modern,26.458162
noetia,Modern,26.875208
noetia,Modern,35.770668
noetia,Modern,26.4319
noetia,Modern,37.92
noetia,Modern,26.45
noetia,Modern,26.45
noetia,Modern,27.781161
noetia,Modern,33.5167
noetia,Modern,33.6917
noetia,Modern,30.2406
noetia,Modern,25.9583
noetia,Modern,26.0126
noetia,Modern,26.444503
noetia,Modern,25.94121
noetia,Modern,33.827395
noetia,Modern,26.334268
noetia,Modern,26.478065
noetia,Modern,26.43682
noetia,Modern,35.22
noetia,Modern,25.97
noetia,Modern,31.2
noetia,Modern,30.61
noetia,Modern,26.62
noetia,Modern,36.01
noetia,Modern,26.44
noetia,Modern,34.72
noetia,Modern,35.92
noetia,Modern,34.32
noetia,Modern,25.94
noetia,Modern,38.99
noetia,Modern,30.29
noetia,Modern,33.69
noetia,Modern,39.4
noetia,Modern,26.3
noetia,Modern,26.3
noetia,Modern,29.2199
noetia,Modern,33.550556
noetia,Modern,33.522778
noetia,Modern,26.44
noetia,Modern,26.433333
noetia,Modern,25.972222
noetia,Modern,26.433333
noetia,Modern,29.0167
noetia,Modern,34.7233
noetia,Modern,26.200367
noetia,Modern,27.664833
noetia,Modern,26.44
noetia,Modern,26.522778
noetia,Modern,26.522778
noetia,Modern,26.440359
noetia,Modern,30.666667
noetia,Modern,26.133333
noetia,Modern,27.283333
mulinia,Modern,30.3683
mulinia,Modern,30.3683
mulinia,Modern,30.3683
mulinia,Modern,30.3683
mulinia,Modern,30.3683
mulinia,Modern,30.3683
mulinia,Modern,30.3683
mulinia,Modern,30.3683
mulinia,Modern,30.3683
mulinia,Modern,30.3683
mulinia,Modern,30.3683
mulinia,Modern,30.3683
mulinia,Modern,30.3683
mulinia,Modern,30.3683
mulinia,Modern,30.3683
mulinia,Modern,30.3683
mulinia,Modern,30.3683
mulinia,Modern,30.3683
mulinia,Modern,30.3683
mulinia,Modern,30.3683
mulinia,Modern,30.3683
mulinia,Modern,30.3683
mulinia,Modern,30.3683
mulinia,Modern,30.3683
mulinia,Modern,30.3683
mulinia,Modern,30.3683
mulinia,Modern,30.3683
mulinia,Modern,30.3683
mulinia,Modern,30.3683
mulinia,Modern,30.3683
mulinia,Modern,30.3683
mulinia,Modern,30.3683
mulinia,Modern,30.3683
mulinia,Modern,30.3683
mulinia,Modern,30.3683
mulinia,Modern,30.3683
mulinia,Modern,30.3683
mulinia,Modern,30.3683
mulinia,Modern,30.3683
mulinia,Modern,37.263
mulinia,Modern,37.263
mulinia,Modern,31.49264
mulinia,Modern,27.76609
mulinia,Modern,38.54706
mulinia,Modern,26.6159
mulinia,Modern,27.77431
mulinia,Modern,39.10185
mulinia,Modern,39.48622
mulinia,Modern,39.0851
mulinia,Modern,27.53115
mulinia,Modern,26.437049
mulinia,Modern,25.826811
mulinia,Modern,33.804112
mulinia,Modern,29.395864
mulinia,Modern,33.882054
mulinia,Modern,33.352945
mulinia,Modern,28.332722
mulinia,Modern,30.458
mulinia,Modern,33.837584
mulinia,Modern,28.275192
mulinia,Modern,31.073492
mulinia,Modern,30.457981
mulinia,Modern,33.913917
mulinia,Modern,26.436603
mulinia,Modern,32.125389
mulinia,Modern,30.457992
mulinia,Modern,30.03396
mulinia,Modern,33.837452
mulinia,Modern,26.059892
mulinia,Modern,33.837009
mulinia,Modern,34.671513
mulinia,Modern,30.287206
mulinia,Modern,34.671513
mulinia,Modern,32.216291
mulinia,Modern,29.4115
mulinia,Modern,30.287833
mulinia,Modern,33.321651
mulinia,Modern,39.924797
mulinia,Modern,33.882054
mulinia,Modern,33.882054
mulinia,Modern,33.913535
mulinia,Modern,33.882054
mulinia,Modern,30.287814
mulinia,Modern,32.800817
mulinia,Modern,38.70565
mulinia,Modern,33.806621
mulinia,Modern,32.539121
mulinia,Modern,32.192312
mulinia,Modern,26.436324
mulinia,Modern,26.479838
mulinia,Modern,36.888523
mulinia,Modern,30.666058
mulinia,Modern,33.882054
mulinia,Modern,33.806673
mulinia,Modern,30.287836
mulinia,Modern,32.216291
mulinia,Modern,32.357295
mulinia,Modern,33.826839
mulinia,Modern,32.509823
mulinia,Modern,33.350067
mulinia,Modern,26.436304
mulinia,Modern,32.216291
mulinia,Modern,29.496072
mulinia,Modern,32.552478
mulinia,Modern,33.73215
mulinia,Modern,32.216291
mulinia,Modern,35.93655
mulinia,Modern,34.659428
mulinia,Modern,30.457986
mulinia,Modern,33.646957
mulinia,Modern,33.349828
mulinia,Modern,33.882054
mulinia,Modern,26.436695
mulinia,Modern,26.436679
mulinia,Modern,33.754833
mulinia,Modern,27.790081
mulinia,Modern,33.701324
mulinia,Modern,37.263
mulinia,Modern,37.0092
mulinia,Modern,34.72
mulinia,Modern,30.670342
mulinia,Modern,27.74828
mulinia,Modern,26.5708
mulinia,Modern,27.26584
mulinia,Modern,32.1233
mulinia,Modern,26.5708
mulinia,Modern,26.48808
mulinia,Modern,27.32273
mulinia,Modern,26.43711
mulinia,Modern,26.5708
mulinia,Modern,29.677686
mulinia,Modern,32.765
mulinia,Modern,37.27
mulinia,Modern,36.01
mulinia,Modern,38.53
mulinia,Modern,28.612
mulinia,Modern,38.44
mulinia,Modern,38.46
mulinia,Modern,38.44
mulinia,Modern,32.79
mulinia,Modern,38.94
mulinia,Modern,37.83
mulinia,Modern,38.53
mulinia,Modern,38.48
mulinia,Modern,38.48
mulinia,Modern,38.43
mulinia,Modern,38.43
mulinia,Modern,38.43
mulinia,Modern,38.44
mulinia,Modern,38.44
mulinia,Modern,36.01
mulinia,Modern,27.77
mulinia,Modern,39.09
mulinia,Modern,31.44
mulinia,Modern,31.19
mulinia,Modern,38.53
mulinia,Modern,28.612
mulinia,Modern,38.48
mulinia,Modern,38.4
mulinia,Modern,38.43
mulinia,Modern,38.44
mulinia,Modern,38.46
mulinia,Modern,38.44
mulinia,Modern,38.44
mulinia,Modern,40.08
mulinia,Modern,31.44
mulinia,Modern,26.62
mulinia,Modern,26.44
mulinia,Modern,28.612
mulinia,Modern,38.44
mulinia,Modern,38.46
mulinia,Modern,38.46
mulinia,Modern,38.44
mulinia,Modern,34.72
mulinia,Modern,32.51
mulinia,Modern,25.97
mulinia,Modern,28.38
mulinia,Modern,37.83
mulinia,Modern,38.53
mulinia,Modern,38.53
mulinia,Modern,28.612
mulinia,Modern,38.48
mulinia,Modern,38.42
mulinia,Modern,38.4
mulinia,Modern,38.43
mulinia,Modern,38.46
mulinia,Modern,38.44
mulinia,Modern,38.46
mulinia,Modern,38.9917
mulinia,Modern,32.79
mulinia,Modern,32.77
mulinia,Modern,35.13
mulinia,Modern,39.364
mulinia,Modern,34.574
mulinia,Modern,38.563174
mulinia,Modern,27.344
mulinia,Modern,26.5708
mulinia,Modern,26.5708
mulinia,Modern,32.2355
mulinia,Modern,26.43711
mulinia,Modern,26.5708
mulinia,Modern,32.19361
mulinia,Modern,27.34728
mulinia,Modern,29.677686
mulinia,Modern,26.6147
mulinia,Modern,32.19361
mulinia,Modern,37.603897
mulinia,Modern,32.1934
mulinia,Modern,32.2
mulinia,Modern,32.777701
mulinia,Modern,32.800817
mulinia,Modern,30.595012
mulinia,Modern,35.936562
mulinia,Modern,28.6133
mulinia,Modern,28.605
mulinia,Modern,28.6183
mulinia,Modern,26.45
mulinia,Modern,28.6117
mulinia,Modern,39.357249
mulinia,Modern,38.99
mulinia,Modern,39.23
mulinia,Modern,33.69
mulinia,Modern,31.22
mulinia,Modern,38.53
mulinia,Modern,37.22
mulinia,Modern,38.46
mulinia,Modern,38.43
mulinia,Modern,38.43
mulinia,Modern,38.43
mulinia,Modern,38.44
mulinia,Modern,38.44
mulinia,Modern,37.27
mulinia,Modern,40.08
mulinia,Modern,39.09
mulinia,Modern,38.53
mulinia,Modern,38.44
mulinia,Modern,38.44
mulinia,Modern,38.44
mulinia,Modern,38.43
mulinia,Modern,38.43
mulinia,Modern,32.77
mulinia,Modern,33.82
mulinia,Modern,39.19
mulinia,Modern,37.83
mulinia,Modern,37.83
mulinia,Modern,38.53
mulinia,Modern,38.46
mulinia,Modern,38.46
mulinia,Modern,38.46
mulinia,Modern,38.46
mulinia,Modern,38.43
mulinia,Modern,38.43
mulinia,Modern,38.43
mulinia,Modern,38.44
mulinia,Modern,27.4
mulinia,Modern,27.4
mulinia,Modern,37.9833
mulinia,Modern,24.71861
mulinia,Modern,34.5873
mulinia,Modern,31.19
mulinia,Modern,30.15
mulinia,Modern,38.773707
mulinia,Modern,37.545333
mulinia,Modern,37.434667
modiolus,Modern,26.14204
modiolus,Modern,24.59174
modiolus,Modern,26.49758
modiolus,Modern,27.74836
modiolus,Modern,34.71624
modiolus,Modern,24.82443
modiolus,Modern,28.0231
modiolus,Modern,29.07867
modiolus,Modern,34.71624
modiolus,Modern,32.33993
modiolus,Modern,28.34865
modiolus,Modern,28.32001
modiolus,Modern,27.39057
modiolus,Modern,24.7485
modiolus,Modern,24.815082
modiolus,Modern,27.762606
modiolus,Modern,26.436211
modiolus,Modern,26.436883
modiolus,Modern,25.88149
modiolus,Modern,26.523408
modiolus,Modern,26.43608
modiolus,Modern,26.479679
modiolus,Modern,26.436167
modiolus,Modern,26.436671
modiolus,Modern,26.435954
modiolus,Modern,26.485529
modiolus,Modern,26.436075
modiolus,Modern,33.913558
modiolus,Modern,25.093692
modiolus,Modern,25.937363
modiolus,Modern,25.706106
modiolus,Modern,26.479771
modiolus,Modern,29.767744
modiolus,Modern,26.436181
modiolus,Modern,36.380288
modiolus,Modern,26.467142
modiolus,Modern,26.43658
modiolus,Modern,26.423215
modiolus,Modern,26.436429
modiolus,Modern,27.134566
modiolus,Modern,26.436239
modiolus,Modern,27.123346
modiolus,Modern,26.43619
modiolus,Modern,26.437105
modiolus,Modern,26.436894
modiolus,Modern,26.02241
modiolus,Modern,26.43611
modiolus,Modern,26.436602
modiolus,Modern,29.737823
modiolus,Modern,26.436283
modiolus,Modern,25.46
modiolus,Modern,28.0
modiolus,Modern,29.75
modiolus,Modern,27.25811
modiolus,Modern,27.69763
modiolus,Modern,27.69763
modiolus,Modern,25.71541
modiolus,Modern,26.52813
modiolus,Modern,24.7613
modiolus,Modern,27.79585
modiolus,Modern,33.68889
modiolus,Modern,30.670342
modiolus,Modern,24.7517
modiolus,Modern,26.5708
modiolus,Modern,26.3689
modiolus,Modern,26.5708
modiolus,Modern,24.7607
modiolus,Modern,28.14592
modiolus,Modern,24.7584
modiolus,Modern,24.7484
modiolus,Modern,26.43711
modiolus,Modern,25.71541
modiolus,Modern,26.757536
modiolus,Modern,26.44
modiolus,Modern,38.94
modiolus,Modern,39.97
modiolus,Modern,29.76
modiolus,Modern,25.69
modiolus,Modern,33.69
modiolus,Modern,38.99
modiolus,Modern,25.69
modiolus,Modern,27.4569
modiolus,Modern,26.436283
modiolus,Modern,25.77633
modiolus,Modern,34.7873
modiolus,Modern,26.14359
modiolus,Modern,28.20673
modiolus,Modern,26.52813
modiolus,Modern,27.45694
modiolus,Modern,27.97805
modiolus,Modern,27.875
modiolus,Modern,24.76
modiolus,Modern,27.8958
modiolus,Modern,27.4667
modiolus,Modern,24.76
modiolus,Modern,24.865642
modiolus,Modern,26.62
modiolus,Modern,24.57
modiolus,Modern,27.45
modiolus,Modern,33.82
modiolus,Modern,38.94
modiolus,Modern,40.08
modiolus,Modern,26.3
modiolus,Modern,26.3
modiolus,Modern,26.433333
modiolus,Modern,26.44
modiolus,Modern,34.7233
modiolus,Modern,26.44
modiolus,Modern,24.819859
modiolus,Modern,25.335671
modiolus,Modern,26.44
modiolus,Modern,30.15
modiolus,Modern,24.816667
modiolus,Modern,24.816667
modiolus,Modern,28.0
cyclocardia,Modern,40.444718
cyclocardia,Modern,36.915387
cyclocardia,Modern,40.44891
cyclocardia,Modern,36.340563
cyclocardia,Modern,37.938456
cyclocardia,Modern,40.446347
cyclocardia,Modern,36.918328
cyclocardia,Modern,38.51289
cyclocardia,Modern,40.442858
cyclocardia,Modern,40.446325
cyclocardia,Modern,37.0567
cyclocardia,Modern,37.0567
cyclocardia,Modern,34.7873
cyclocardia,Modern,38.95
crepidula,Modern,30.3683
crepidula,Modern,30.3683
crepidula,Modern,30.3683
crepidula,Modern,27.4655
crepidula,Modern,28.5
crepidula,Modern,28.5
crepidula,Modern,26.45
crepidula,Modern,26.45
crepidula,Modern,26.45
crepidula,Modern,26.45
crepidula,Modern,27.74836
crepidula,Modern,27.24394
crepidula,Modern,38.42761
crepidula,Modern,34.71624
crepidula,Modern,26.66395
crepidula,Modern,34.71624
crepidula,Modern,26.49532
crepidula,Modern,38.25338
crepidula,Modern,34.71624
crepidula,Modern,25.93316
crepidula,Modern,26.48782
crepidula,Modern,26.66395
crepidula,Modern,27.74836
crepidula,Modern,26.68186
crepidula,Modern,24.68827
crepidula,Modern,26.68186
crepidula,Modern,38.42761
crepidula,Modern,27.47752
crepidula,Modern,32.79802
crepidula,Modern,33.01384
crepidula,Modern,28.34865
crepidula,Modern,38.50012
crepidula,Modern,27.62457
crepidula,Modern,25.9123
crepidula,Modern,27.76609
crepidula,Modern,25.93316
crepidula,Modern,27.76609
crepidula,Modern,26.66395
crepidula,Modern,34.71624
crepidula,Modern,32.79802
crepidula,Modern,24.59174
crepidula,Modern,34.71822
crepidula,Modern,28.34993
crepidula,Modern,33.23517
crepidula,Modern,34.71624
crepidula,Modern,27.38219
crepidula,Modern,34.71624
crepidula,Modern,27.74836
crepidula,Modern,34.71624
crepidula,Modern,24.59174
crepidula,Modern,35.91
crepidula,Modern,27.246671
crepidula,Modern,26.439708
crepidula,Modern,35.211961
crepidula,Modern,25.919766
crepidula,Modern,38.579272
crepidula,Modern,26.436106
crepidula,Modern,36.689717
crepidula,Modern,25.937363
crepidula,Modern,33.57442
crepidula,Modern,38.607386
crepidula,Modern,38.764372
crepidula,Modern,38.821506
crepidula,Modern,34.647747
crepidula,Modern,26.490735
crepidula,Modern,30.231396
crepidula,Modern,26.436457
crepidula,Modern,38.950849
crepidula,Modern,32.801523
crepidula,Modern,38.434985
crepidula,Modern,25.91732
crepidula,Modern,26.640597
crepidula,Modern,40.317326
crepidula,Modern,27.089867
crepidula,Modern,26.436715
crepidula,Modern,39.196153
crepidula,Modern,31.905466
crepidula,Modern,39.142013
crepidula,Modern,27.769194
crepidula,Modern,27.78993
crepidula,Modern,38.965545
crepidula,Modern,30.276803
crepidula,Modern,34.697213
crepidula,Modern,35.251592
crepidula,Modern,33.915076
crepidula,Modern,39.136547
crepidula,Modern,39.997447
crepidula,Modern,39.336232
crepidula,Modern,38.23812
crepidula,Modern,33.882054
crepidula,Modern,29.832072
crepidula,Modern,35.902604
crepidula,Modern,40.431717
crepidula,Modern,38.692194
crepidula,Modern,39.097555
crepidula,Modern,26.444717
crepidula,Modern,37.989166
crepidula,Modern,37.988066
crepidula,Modern,33.505949
crepidula,Modern,38.741958
crepidula,Modern,30.287844
crepidula,Modern,26.522023
crepidula,Modern,39.033318
crepidula,Modern,39.850013
crepidula,Modern,32.503738
crepidula,Modern,28.137329
crepidula,Modern,26.479745
crepidula,Modern,38.531861
crepidula,Modern,37.170321
crepidula,Modern,39.108215
crepidula,Modern,33.839413
crepidula,Modern,38.974002
crepidula,Modern,40.473553
crepidula,Modern,39.174647
crepidula,Modern,40.458723
crepidula,Modern,26.066589
crepidula,Modern,34.647705
crepidula,Modern,33.757042
crepidula,Modern,29.724398
crepidula,Modern,39.320248
crepidula,Modern,27.789919
crepidula,Modern,39.895291
crepidula,Modern,25.929553
crepidula,Modern,38.94865
crepidula,Modern,40.213898
crepidula,Modern,38.516501
crepidula,Modern,35.222908
crepidula,Modern,33.805621
crepidula,Modern,28.679663
crepidula,Modern,39.852768
crepidula,Modern,30.16262
crepidula,Modern,27.695686
crepidula,Modern,27.099281
crepidula,Modern,26.217747
crepidula,Modern,26.527349
crepidula,Modern,28.640203
crepidula,Modern,33.8
crepidula,Modern,25.920245
crepidula,Modern,27.632624
crepidula,Modern,39.172427
crepidula,Modern,26.436379
crepidula,Modern,38.983767
crepidula,Modern,38.62915
crepidula,Modern,36.130697
crepidula,Modern,26.441928
crepidula,Modern,26.163474
crepidula,Modern,31.905466
crepidula,Modern,33.882054
crepidula,Modern,27.789902
crepidula,Modern,27.247752
crepidula,Modern,28.040907
crepidula,Modern,39.353827
crepidula,Modern,29.639263
crepidula,Modern,39.142013
crepidula,Modern,38.60565
crepidula,Modern,39.174647
crepidula,Modern,28.99473
crepidula,Modern,39.087361
crepidula,Modern,27.709097
crepidula,Modern,39.817902
crepidula,Modern,38.79347
crepidula,Modern,34.647563
crepidula,Modern,39.924797
crepidula,Modern,38.767262
crepidula,Modern,40.415745
crepidula,Modern,30.150794
crepidula,Modern,35.251775
crepidula,Modern,27.946162
crepidula,Modern,26.480496
crepidula,Modern,29.661
crepidula,Modern,25.939741
crepidula,Modern,26.436493
crepidula,Modern,27.011147
crepidula,Modern,27.797024
crepidula,Modern,38.783545
crepidula,Modern,40.479313
crepidula,Modern,27.012736
crepidula,Modern,33.8106
crepidula,Modern,27.23907
crepidula,Modern,35.222992
crepidula,Modern,26.425421
crepidula,Modern,38.449253
crepidula,Modern,38.881767
crepidula,Modern,38.958037
crepidula,Modern,33.350032
crepidula,Modern,29.639647
crepidula,Modern,35.231385
crepidula,Modern,39.172366
crepidula,Modern,26.443312
crepidula,Modern,38.187492
crepidula,Modern,33.350045
crepidula,Modern,28.674772
crepidula,Modern,39.274442
crepidula,Modern,38.188625
crepidula,Modern,35.252377
crepidula,Modern,40.202527
crepidula,Modern,39.2621
crepidula,Modern,40.40291
crepidula,Modern,35.250933
crepidula,Modern,39.098513
crepidula,Modern,26.503752
crepidula,Modern,33.349828
crepidula,Modern,40.473567
crepidula,Modern,39.852768
crepidula,Modern,35.245993
crepidula,Modern,38.780418
crepidula,Modern,27.134566
crepidula,Modern,39.261452
crepidula,Modern,38.610575
crepidula,Modern,36.949117
crepidula,Modern,26.930579
crepidula,Modern,26.527578
crepidula,Modern,27.099304
crepidula,Modern,38.673578
crepidula,Modern,39.137378
crepidula,Modern,36.738163
crepidula,Modern,28.059023
crepidula,Modern,38.607417
crepidula,Modern,27.768869
crepidula,Modern,35.220931
crepidula,Modern,39.13755
crepidula,Modern,32.779675
crepidula,Modern,26.481281
crepidula,Modern,35.231081
crepidula,Modern,27.740955
crepidula,Modern,29.887575
crepidula,Modern,26.436449
crepidula,Modern,38.207523
crepidula,Modern,35.339479
crepidula,Modern,27.307679
crepidula,Modern,38.951535
crepidula,Modern,38.248656
crepidula,Modern,33.349828
crepidula,Modern,33.732443
crepidula,Modern,35.558493
crepidula,Modern,38.951032
crepidula,Modern,38.23998
crepidula,Modern,26.480497
crepidula,Modern,35.106217
crepidula,Modern,28.669894
crepidula,Modern,38.207523
crepidula,Modern,38.606964
crepidula,Modern,26.480728
crepidula,Modern,26.435942
crepidula,Modern,26.59111
crepidula,Modern,38.433453
crepidula,Modern,38.744719
crepidula,Modern,26.548389
crepidula,Modern,30.35463
crepidula,Modern,27.011147
crepidula,Modern,27.271044
crepidula,Modern,26.436507
crepidula,Modern,33.732364
crepidula,Modern,37.601824
crepidula,Modern,26.436968
crepidula,Modern,26.480491
crepidula,Modern,39.925161
crepidula,Modern,38.910219
crepidula,Modern,27.790545
crepidula,Modern,36.914181
crepidula,Modern,36.851124
crepidula,Modern,25.928553
crepidula,Modern,38.764001
crepidula,Modern,33.350088
crepidula,Modern,33.96313
crepidula,Modern,27.688492
crepidula,Modern,38.768969
crepidula,Modern,26.436387
crepidula,Modern,34.671513
crepidula,Modern,25.894378
crepidula,Modern,26.428394
crepidula,Modern,40.214388
crepidula,Modern,38.965674
crepidula,Modern,35.223594
crepidula,Modern,40.201822
crepidula,Modern,36.921919
crepidula,Modern,39.353319
crepidula,Modern,35.218983
crepidula,Modern,38.793394
crepidula,Modern,26.130589
crepidula,Modern,38.237153
crepidula,Modern,36.150082
crepidula,Modern,36.131559
crepidula,Modern,39.174675
crepidula,Modern,38.753714
crepidula,Modern,35.226288
crepidula,Modern,40.173017
crepidula,Modern,26.330725
crepidula,Modern,38.200859
crepidula,Modern,29.72487
crepidula,Modern,26.452025
crepidula,Modern,38.806023
crepidula,Modern,38.712522
crepidula,Modern,27.797963
crepidula,Modern,28.12764
crepidula,Modern,35.934719
crepidula,Modern,39.32198
crepidula,Modern,40.422966
crepidula,Modern,26.682388
crepidula,Modern,38.806023
crepidula,Modern,37.084483
crepidula,Modern,28.680883
crepidula,Modern,39.193551
crepidula,Modern,35.212307
crepidula,Modern,40.461702
crepidula,Modern,26.437069
crepidula,Modern,27.751275
crepidula,Modern,26.446063
crepidula,Modern,38.607453
crepidula,Modern,25.92567
crepidula,Modern,39.142013
crepidula,Modern,40.416906
crepidula,Modern,28.672291
crepidula,Modern,26.460903
crepidula,Modern,27.24653
crepidula,Modern,25.858841
crepidula,Modern,38.780657
crepidula,Modern,33.966052
crepidula,Modern,27.690271
crepidula,Modern,38.951535
crepidula,Modern,35.889349
crepidula,Modern,26.442189
crepidula,Modern,38.577992
crepidula,Modern,38.806023
crepidula,Modern,26.460908
crepidula,Modern,33.376834
crepidula,Modern,33.882054
crepidula,Modern,26.412408
crepidula,Modern,35.220938
crepidula,Modern,38.767788
crepidula,Modern,33.355004
crepidula,Modern,35.198903
crepidula,Modern,39.103294
crepidula,Modern,38.932688
crepidula,Modern,39.033323
crepidula,Modern,39.031419
crepidula,Modern,35.212082
crepidula,Modern,26.481575
crepidula,Modern,38.504983
crepidula,Modern,29.703239
crepidula,Modern,37.081518
crepidula,Modern,39.181335
crepidula,Modern,33.350071
crepidula,Modern,38.793322
crepidula,Modern,33.349994
crepidula,Modern,39.924797
crepidula,Modern,39.19783
crepidula,Modern,26.485878
crepidula,Modern,39.178228
crepidula,Modern,39.13647
crepidula,Modern,38.948692
crepidula,Modern,35.225053
crepidula,Modern,28.32
crepidula,Modern,38.217425
crepidula,Modern,32.513033
crepidula,Modern,39.243353
crepidula,Modern,38.948692
crepidula,Modern,28.125
crepidula,Modern,39.114947
crepidula,Modern,26.457356
crepidula,Modern,26.436981
crepidula,Modern,27.099335
crepidula,Modern,38.196025
crepidula,Modern,26.608625
crepidula,Modern,28.388288
crepidula,Modern,35.25644
crepidula,Modern,26.436268
crepidula,Modern,33.826839
crepidula,Modern,35.231091
crepidula,Modern,39.228931
crepidula,Modern,35.21195
crepidula,Modern,32.3143
crepidula,Modern,38.213242
crepidula,Modern,39.1376
crepidula,Modern,26.43639
crepidula,Modern,36.911751
crepidula,Modern,26.436033
crepidula,Modern,27.252096
crepidula,Modern,31.628887
crepidula,Modern,26.443397
crepidula,Modern,36.914809
crepidula,Modern,40.285869
crepidula,Modern,38.690013
crepidula,Modern,26.996828
crepidula,Modern,40.500574
crepidula,Modern,39.098504
crepidula,Modern,27.266009
crepidula,Modern,27.503705
crepidula,Modern,40.445722
crepidula,Modern,38.609036
crepidula,Modern,40.479313
crepidula,Modern,36.692462
crepidula,Modern,26.437466
crepidula,Modern,39.179425
crepidula,Modern,38.983767
crepidula,Modern,39.172427
crepidula,Modern,33.806581
crepidula,Modern,39.817902
crepidula,Modern,36.132453
crepidula,Modern,28.690003
crepidula,Modern,33.9106
crepidula,Modern,30.464894
crepidula,Modern,27.794856
crepidula,Modern,27.247245
crepidula,Modern,38.204323
crepidula,Modern,26.220685
crepidula,Modern,33.89333
crepidula,Modern,39.13729
crepidula,Modern,38.327619
crepidula,Modern,29.893179
crepidula,Modern,38.607578
crepidula,Modern,26.436387
crepidula,Modern,38.605342
crepidula,Modern,33.700001
crepidula,Modern,38.61109
crepidula,Modern,28.320913
crepidula,Modern,26.318412
crepidula,Modern,29.773202
crepidula,Modern,28.671885
crepidula,Modern,33.881279
crepidula,Modern,34.67794
crepidula,Modern,39.035478
crepidula,Modern,38.241017
crepidula,Modern,39.024778
crepidula,Modern,32.562966
crepidula,Modern,29.716953
crepidula,Modern,38.747753
crepidula,Modern,38.698974
crepidula,Modern,40.446102
crepidula,Modern,38.233162
crepidula,Modern,39.925161
crepidula,Modern,39.422805
crepidula,Modern,39.311417
crepidula,Modern,38.951535
crepidula,Modern,38.688231
crepidula,Modern,35.266706
crepidula,Modern,40.442131
crepidula,Modern,35.223022
crepidula,Modern,34.646206
crepidula,Modern,26.436767
crepidula,Modern,38.516501
crepidula,Modern,28.680883
crepidula,Modern,25.919392
crepidula,Modern,38.61109
crepidula,Modern,39.171287
crepidula,Modern,40.404963
crepidula,Modern,37.904408
crepidula,Modern,26.436435
crepidula,Modern,38.629228
crepidula,Modern,33.731216
crepidula,Modern,26.428394
crepidula,Modern,39.13557
crepidula,Modern,40.430843
crepidula,Modern,26.436435
crepidula,Modern,38.695489
crepidula,Modern,27.801066
crepidula,Modern,40.101605
crepidula,Modern,32.248067
crepidula,Modern,26.436697
crepidula,Modern,38.782425
crepidula,Modern,35.213862
crepidula,Modern,39.349928
crepidula,Modern,39.0579
crepidula,Modern,26.436715
crepidula,Modern,39.193309
crepidula,Modern,38.516501
crepidula,Modern,38.592556
crepidula,Modern,26.211466
crepidula,Modern,39.142013
crepidula,Modern,25.939741
crepidula,Modern,38.951535
crepidula,Modern,38.782945
crepidula,Modern,34.672912
crepidula,Modern,38.440948
crepidula,Modern,33.731709
crepidula,Modern,39.262042
crepidula,Modern,26.477794
crepidula,Modern,26.435811
crepidula,Modern,38.689753
crepidula,Modern,38.6929
crepidula,Modern,27.487878
crepidula,Modern,26.436718
crepidula,Modern,34.679478
crepidula,Modern,27.79808
crepidula,Modern,38.695353
crepidula,Modern,33.963394
crepidula,Modern,32.784088
crepidula,Modern,39.408855
crepidula,Modern,40.479313
crepidula,Modern,30.297165
crepidula,Modern,26.435934
crepidula,Modern,37.952972
crepidula,Modern,38.711497
crepidula,Modern,30.158008
crepidula,Modern,38.771105
crepidula,Modern,38.527022
crepidula,Modern,38.189464
crepidula,Modern,26.434794
crepidula,Modern,38.604958
crepidula,Modern,38.204118
crepidula,Modern,38.44802
crepidula,Modern,38.748945
crepidula,Modern,33.914445
crepidula,Modern,26.479703
crepidula,Modern,38.607422
crepidula,Modern,26.48584
crepidula,Modern,26.436666
crepidula,Modern,33.826839
crepidula,Modern,28.992691
crepidula,Modern,28.122992
crepidula,Modern,32.372144
crepidula,Modern,29.639222
crepidula,Modern,39.169135
crepidula,Modern,33.626575
crepidula,Modern,27.134566
crepidula,Modern,28.655403
crepidula,Modern,37.272433
crepidula,Modern,38.52755
crepidula,Modern,38.670158
crepidula,Modern,26.479764
crepidula,Modern,38.189487
crepidula,Modern,34.647555
crepidula,Modern,38.793463
crepidula,Modern,39.076883
crepidula,Modern,29.831914
crepidula,Modern,26.479807
crepidula,Modern,27.269297
crepidula,Modern,40.479313
crepidula,Modern,26.436237
crepidula,Modern,38.692791
crepidula,Modern,33.882054
crepidula,Modern,40.143567
crepidula,Modern,27.896002
crepidula,Modern,33.350013
crepidula,Modern,27.126269
crepidula,Modern,38.600555
crepidula,Modern,39.379585
crepidula,Modern,40.458899
crepidula,Modern,33.514562
crepidula,Modern,39.280379
crepidula,Modern,26.44192
crepidula,Modern,39.354164
crepidula,Modern,26.43622
crepidula,Modern,39.915583
crepidula,Modern,27.762165
crepidula,Modern,36.143696
crepidula,Modern,34.647482
crepidula,Modern,35.230863
crepidula,Modern,38.721648
crepidula,Modern,38.965635
crepidula,Modern,36.687389
crepidula,Modern,28.719613
crepidula,Modern,27.730828
crepidula,Modern,40.45921
crepidula,Modern,32.109658
crepidula,Modern,33.350015
crepidula,Modern,38.246736
crepidula,Modern,39.923144
crepidula,Modern,33.752594
crepidula,Modern,28.555893
crepidula,Modern,28.71932
crepidula,Modern,39.924797
crepidula,Modern,39.100862
crepidula,Modern,33.514562
crepidula,Modern,38.806023
crepidula,Modern,38.91289
crepidula,Modern,28.679753
crepidula,Modern,26.436387
crepidula,Modern,28.320007
crepidula,Modern,39.539218
crepidula,Modern,34.717533
crepidula,Modern,38.752046
crepidula,Modern,38.428228
crepidula,Modern,38.207523
crepidula,Modern,35.253626
crepidula,Modern,33.911453
crepidula,Modern,39.05927
crepidula,Modern,27.134566
crepidula,Modern,40.31461
crepidula,Modern,38.230255
crepidula,Modern,27.763491
crepidula,Modern,39.172759
crepidula,Modern,33.813788
crepidula,Modern,35.212307
crepidula,Modern,26.437063
crepidula,Modern,26.499821
crepidula,Modern,26.548389
crepidula,Modern,39.174717
crepidula,Modern,27.789814
crepidula,Modern,38.191095
crepidula,Modern,38.78132
crepidula,Modern,27.80133
crepidula,Modern,26.436159
crepidula,Modern,38.60995
crepidula,Modern,36.859642
crepidula,Modern,38.881247
crepidula,Modern,39.326661
crepidula,Modern,35.896434
crepidula,Modern,26.076708
crepidula,Modern,36.912805
crepidula,Modern,36.280025
crepidula,Modern,27.51367
crepidula,Modern,38.606156
crepidula,Modern,33.980767
crepidula,Modern,26.608412
crepidula,Modern,26.48844
crepidula,Modern,26.435525
crepidula,Modern,39.254748
crepidula,Modern,38.739847
crepidula,Modern,38.189492
crepidula,Modern,34.647616
crepidula,Modern,28.714613
crepidula,Modern,40.313641
crepidula,Modern,27.896002
crepidula,Modern,36.134617
crepidula,Modern,38.214111
crepidula,Modern,32.193012
crepidula,Modern,26.480491
crepidula,Modern,26.436567
crepidula,Modern,40.459457
crepidula,Modern,29.910428
crepidula,Modern,33.748149
crepidula,Modern,27.389689
crepidula,Modern,33.350022
crepidula,Modern,27.134566
crepidula,Modern,27.896002
crepidula,Modern,25.913813
crepidula,Modern,38.935697
crepidula,Modern,26.43632
crepidula,Modern,35.934719
crepidula,Modern,26.460895
crepidula,Modern,39.27572
crepidula,Modern,40.211548
crepidula,Modern,32.539121
crepidula,Modern,38.528539
crepidula,Modern,26.422928
crepidula,Modern,27.895575
crepidula,Modern,27.470242
crepidula,Modern,26.483917
crepidula,Modern,40.474096
crepidula,Modern,33.647594
crepidula,Modern,33.700001
crepidula,Modern,28.669994
crepidula,Modern,33.433223
crepidula,Modern,28.276903
crepidula,Modern,28.073578
crepidula,Modern,26.124758
crepidula,Modern,28.318228
crepidula,Modern,34.097241
crepidula,Modern,26.527578
crepidula,Modern,38.207523
crepidula,Modern,35.223592
crepidula,Modern,25.919621
crepidula,Modern,32.781557
crepidula,Modern,38.606661
crepidula,Modern,28.315877
crepidula,Modern,27.089847
crepidula,Modern,40.443267
crepidula,Modern,29.686903
crepidula,Modern,26.437356
crepidula,Modern,38.916456
crepidula,Modern,28.655431
crepidula,Modern,33.826839
crepidula,Modern,35.838562
crepidula,Modern,40.473056
crepidula,Modern,40.452695
crepidula,Modern,39.405893
crepidula,Modern,26.439065
crepidula,Modern,38.609493
crepidula,Modern,38.607383
crepidula,Modern,26.523363
crepidula,Modern,27.325837
crepidula,Modern,27.113136
crepidula,Modern,39.229767
crepidula,Modern,26.480492
crepidula,Modern,39.273092
crepidula,Modern,35.558493
crepidula,Modern,39.05803
crepidula,Modern,26.436139
crepidula,Modern,38.746619
crepidula,Modern,32.784172
crepidula,Modern,33.882054
crepidula,Modern,39.196555
crepidula,Modern,40.473646
crepidula,Modern,38.431997
crepidula,Modern,29.84168
crepidula,Modern,35.250537
crepidula,Modern,26.436877
crepidula,Modern,33.882054
crepidula,Modern,38.609239
crepidula,Modern,40.479224
crepidula,Modern,40.107551
crepidula,Modern,40.475834
crepidula,Modern,28.239461
crepidula,Modern,28.697745
crepidula,Modern,33.882054
crepidula,Modern,38.207523
crepidula,Modern,40.110825
crepidula,Modern,26.439708
crepidula,Modern,38.983767
crepidula,Modern,26.480494
crepidula,Modern,26.436998
crepidula,Modern,34.647617
crepidula,Modern,35.211882
crepidula,Modern,26.16319
crepidula,Modern,36.132557
crepidula,Modern,33.349832
crepidula,Modern,26.435724
crepidula,Modern,38.960245
crepidula,Modern,39.070068
crepidula,Modern,38.951535
crepidula,Modern,24.856956
crepidula,Modern,38.983767
crepidula,Modern,27.126253
crepidula,Modern,38.927458
crepidula,Modern,39.139792
crepidula,Modern,26.548389
crepidula,Modern,38.928561
crepidula,Modern,26.875212
crepidula,Modern,38.428451
crepidula,Modern,26.4815
crepidula,Modern,27.67833
crepidula,Modern,26.4815
crepidula,Modern,27.67833
crepidula,Modern,25.7883
crepidula,Modern,25.7883
crepidula,Modern,27.88
crepidula,Modern,24.72
crepidula,Modern,25.7883
crepidula,Modern,27.88
crepidula,Modern,25.27
crepidula,Modern,25.7883
crepidula,Modern,25.7883
crepidula,Modern,37.0092
crepidula,Modern,25.77
crepidula,Modern,26.5708
crepidula,Modern,36.9305
crepidula,Modern,26.91299
crepidula,Modern,26.48808
crepidula,Modern,27.17981
crepidula,Modern,24.82
crepidula,Modern,27.32273
crepidula,Modern,24.82
crepidula,Modern,27.97805
crepidula,Modern,27.97805
crepidula,Modern,39.26972
crepidula,Modern,29.6869
crepidula,Modern,26.757536
crepidula,Modern,37.13778
crepidula,Modern,26.14359
crepidula,Modern,27.629008
crepidula,Modern,40.12611
crepidula,Modern,25.9224
crepidula,Modern,26.5708
crepidula,Modern,25.1424
crepidula,Modern,30.670342
crepidula,Modern,26.6147
crepidula,Modern,26.35111
crepidula,Modern,33.9132
crepidula,Modern,27.25811
crepidula,Modern,31.14972
crepidula,Modern,27.79585
crepidula,Modern,26.4807
crepidula,Modern,29.8997
crepidula,Modern,39.32778
crepidula,Modern,29.0129
crepidula,Modern,27.79585
crepidula,Modern,25.9224
crepidula,Modern,30.29444
crepidula,Modern,27.79585
crepidula,Modern,37.59296
crepidula,Modern,26.14359
crepidula,Modern,26.612338
crepidula,Modern,26.5708
crepidula,Modern,26.43711
crepidula,Modern,34.7873
crepidula,Modern,26.43711
crepidula,Modern,31.48
crepidula,Modern,29.75
crepidula,Modern,39.41
crepidula,Modern,38.54
crepidula,Modern,39.36
crepidula,Modern,30.1
crepidula,Modern,38.54
crepidula,Modern,26.44
crepidula,Modern,32.79
crepidula,Modern,37.85
crepidula,Modern,26.62
crepidula,Modern,26.34
crepidula,Modern,32.38
crepidula,Modern,26.6156
crepidula,Modern,39.8183
crepidula,Modern,38.99
crepidula,Modern,39.38
crepidula,Modern,34.72
crepidula,Modern,28.38
crepidula,Modern,38.72
crepidula,Modern,40.08
crepidula,Modern,38.99
crepidula,Modern,40.08
crepidula,Modern,39.1
crepidula,Modern,34.72
crepidula,Modern,32.79
crepidula,Modern,33.82
crepidula,Modern,26.44
crepidula,Modern,34.72
crepidula,Modern,38.72
crepidula,Modern,38.99
crepidula,Modern,38.54
crepidula,Modern,38.94
crepidula,Modern,27.33
crepidula,Modern,37.22
crepidula,Modern,38.9917
crepidula,Modern,34.72
crepidula,Modern,38.77
crepidula,Modern,39.36
crepidula,Modern,27.97
crepidula,Modern,39.33
crepidula,Modern,37.27
crepidula,Modern,39.28
crepidula,Modern,38.94
crepidula,Modern,39.36
crepidula,Modern,39.8
crepidula,Modern,27.5
crepidula,Modern,33.82
crepidula,Modern,34.72
crepidula,Modern,36.01
crepidula,Modern,26.34
crepidula,Modern,27.5
crepidula,Modern,24.69
crepidula,Modern,39.28
crepidula,Modern,30.42
crepidula,Modern,39.8183
crepidula,Modern,39.8183
crepidula,Modern,34.72
crepidula,Modern,38.99
crepidula,Modern,34.72
crepidula,Modern,26.34
crepidula,Modern,37.2
crepidula,Modern,38.94
crepidula,Modern,35.13
crepidula,Modern,38.94
crepidula,Modern,34.72
crepidula,Modern,39.0
crepidula,Modern,30.42
crepidula,Modern,30.49
crepidula,Modern,35.13
crepidula,Modern,26.44
crepidula,Modern,26.62
crepidula,Modern,38.94
crepidula,Modern,26.48
crepidula,Modern,31.3972
crepidula,Modern,31.6567
crepidula,Modern,30.0372
crepidula,Modern,39.8183
crepidula,Modern,39.8183
crepidula,Modern,39.9
crepidula,Modern,39.87
crepidula,Modern,26.87
crepidula,Modern,39.1
crepidula,Modern,38.98
crepidula,Modern,34.7181
crepidula,Modern,39.36
crepidula,Modern,39.28
crepidula,Modern,25.97
crepidula,Modern,32.38
crepidula,Modern,40.08
crepidula,Modern,25.97
crepidula,Modern,28.15
crepidula,Modern,31.22
crepidula,Modern,25.69
crepidula,Modern,39.36
crepidula,Modern,35.13
crepidula,Modern,38.99
crepidula,Modern,26.44
crepidula,Modern,39.36
crepidula,Modern,26.34
crepidula,Modern,26.6156
crepidula,Modern,38.7744
crepidula,Modern,27.33
crepidula,Modern,26.6156
crepidula,Modern,38.94
crepidula,Modern,39.8181
crepidula,Modern,39.8181
crepidula,Modern,38.94
crepidula,Modern,39.38
crepidula,Modern,39.1
crepidula,Modern,26.07
crepidula,Modern,38.99
crepidula,Modern,38.94
crepidula,Modern,38.94
crepidula,Modern,38.72
crepidula,Modern,38.99
crepidula,Modern,26.14
crepidula,Modern,26.44
crepidula,Modern,34.72
crepidula,Modern,32.77
crepidula,Modern,26.44
crepidula,Modern,34.72
crepidula,Modern,34.72
crepidula,Modern,38.94
crepidula,Modern,31.07
crepidula,Modern,27.1
crepidula,Modern,26.76
crepidula,Modern,39.0
crepidula,Modern,26.32
crepidula,Modern,39.8181
crepidula,Modern,39.8183
crepidula,Modern,30.294
crepidula,Modern,26.48
crepidula,Modern,27.5
crepidula,Modern,27.5
crepidula,Modern,37.895119
crepidula,Modern,27.4655
crepidula,Modern,32.512726
crepidula,Modern,27.69763
crepidula,Modern,28.20673
crepidula,Modern,27.32273
crepidula,Modern,27.69763
crepidula,Modern,26.46867
crepidula,Modern,32.655
crepidula,Modern,27.17981
crepidula,Modern,29.6869
crepidula,Modern,29.71472
crepidula,Modern,27.26584
crepidula,Modern,27.79585
crepidula,Modern,25.728
crepidula,Modern,34.71806
crepidula,Modern,26.5115
crepidula,Modern,24.71333
crepidula,Modern,26.48808
crepidula,Modern,26.5708
crepidula,Modern,27.78319
crepidula,Modern,26.43711
crepidula,Modern,27.79585
crepidula,Modern,33.9132
crepidula,Modern,27.64787
crepidula,Modern,25.9224
crepidula,Modern,30.670342
crepidula,Modern,27.69763
crepidula,Modern,26.6147
crepidula,Modern,27.465524
crepidula,Modern,34.716667
crepidula,Modern,26.444407
crepidula,Modern,25.933333
crepidula,Modern,26.494167
crepidula,Modern,27.336435
crepidula,Modern,27.336435
crepidula,Modern,28.110749
crepidula,Modern,29.900246
crepidula,Modern,26.957937
crepidula,Modern,28.316778
crepidula,Modern,33.731756
crepidula,Modern,38.951535
crepidula,Modern,33.806608
crepidula,Modern,39.172427
crepidula,Modern,33.913516
crepidula,Modern,33.583921
crepidula,Modern,27.470037
crepidula,Modern,27.900512
crepidula,Modern,35.210788
crepidula,Modern,38.219308
crepidula,Modern,26.43906
crepidula,Modern,40.474729
crepidula,Modern,36.691022
crepidula,Modern,28.676297
crepidula,Modern,26.439056
crepidula,Modern,38.241952
crepidula,Modern,38.782356
crepidula,Modern,26.436705
crepidula,Modern,39.191174
crepidula,Modern,26.583802
crepidula,Modern,32.562966
crepidula,Modern,39.326753
crepidula,Modern,28.5
crepidula,Modern,26.15
crepidula,Modern,26.46666
crepidula,Modern,24.6583
crepidula,Modern,25.9583
crepidula,Modern,26.4825
crepidula,Modern,25.075
crepidula,Modern,28.6117
crepidula,Modern,33.5167
crepidula,Modern,26.4817
crepidula,Modern,26.45
crepidula,Modern,28.605
crepidula,Modern,33.5167
crepidula,Modern,32.37008
crepidula,Modern,28.0917
crepidula,Modern,34.7108
crepidula,Modern,24.7567
crepidula,Modern,26.45
crepidula,Modern,24.7483
crepidula,Modern,26.5275
crepidula,Modern,25.9583
crepidula,Modern,25.9367
crepidula,Modern,25.9583
crepidula,Modern,28.605
crepidula,Modern,26.5275
crepidula,Modern,25.9717
crepidula,Modern,27.6283
crepidula,Modern,25.9583
crepidula,Modern,30.33218
crepidula,Modern,26.444503
crepidula,Modern,26.444503
crepidula,Modern,26.478065
crepidula,Modern,27.767519
crepidula,Modern,26.478065
crepidula,Modern,26.444503
crepidula,Modern,26.444503
crepidula,Modern,25.878401
crepidula,Modern,38.94
crepidula,Modern,39.28
crepidula,Modern,37.83
crepidula,Modern,34.72
crepidula,Modern,38.94
crepidula,Modern,39.36
crepidula,Modern,25.98
crepidula,Modern,27.45
crepidula,Modern,38.94
crepidula,Modern,25.87
crepidula,Modern,26.44
crepidula,Modern,33.38
crepidula,Modern,26.14
crepidula,Modern,24.69
crepidula,Modern,26.87
crepidula,Modern,25.97
crepidula,Modern,40.08
crepidula,Modern,34.72
crepidula,Modern,39.33
crepidula,Modern,27.77
crepidula,Modern,29.81
crepidula,Modern,31.6567
crepidula,Modern,25.0861
crepidula,Modern,30.0372
crepidula,Modern,40.08
crepidula,Modern,27.58
crepidula,Modern,38.0
crepidula,Modern,37.2
crepidula,Modern,37.22
crepidula,Modern,37.22
crepidula,Modern,27.97
crepidula,Modern,38.99
crepidula,Modern,37.85
crepidula,Modern,39.19
crepidula,Modern,28.15
crepidula,Modern,38.94
crepidula,Modern,37.93
crepidula,Modern,38.99
crepidula,Modern,38.72
crepidula,Modern,39.36
crepidula,Modern,27.77
crepidula,Modern,39.36
crepidula,Modern,26.45
crepidula,Modern,38.9747
crepidula,Modern,38.9747
crepidula,Modern,28.5
crepidula,Modern,39.15
crepidula,Modern,38.94
crepidula,Modern,27.33
crepidula,Modern,39.7706
crepidula,Modern,39.38
crepidula,Modern,26.6
crepidula,Modern,37.2
crepidula,Modern,29.6
crepidula,Modern,26.3
crepidula,Modern,26.3
crepidula,Modern,26.3
crepidula,Modern,27.4
crepidula,Modern,26.9
crepidula,Modern,26.4
crepidula,Modern,29.6
crepidula,Modern,26.9
crepidula,Modern,26.3
crepidula,Modern,26.4
crepidula,Modern,26.4
crepidula,Modern,26.9
crepidula,Modern,26.3
crepidula,Modern,26.3
crepidula,Modern,29.6
crepidula,Modern,26.3
crepidula,Modern,29.6
crepidula,Modern,29.6
crepidula,Modern,26.3
crepidula,Modern,26.3
crepidula,Modern,26.3
crepidula,Modern,29.2
crepidula,Modern,26.4
crepidula,Modern,26.9
crepidula,Modern,26.9
crepidula,Modern,27.4
crepidula,Modern,26.9
crepidula,Modern,29.6
crepidula,Modern,26.3
crepidula,Modern,26.3
crepidula,Modern,29.6
crepidula,Modern,27.4
crepidula,Modern,26.3
crepidula,Modern,29.8
crepidula,Modern,29.6
crepidula,Modern,29.2
crepidula,Modern,26.9
crepidula,Modern,26.3
crepidula,Modern,27.4
crepidula,Modern,29.6
crepidula,Modern,26.3
crepidula,Modern,27.9
crepidula,Modern,26.9
crepidula,Modern,26.9
crepidula,Modern,27.4
crepidula,Modern,29.6
crepidula,Modern,26.3
crepidula,Modern,26.9
crepidula,Modern,26.3
crepidula,Modern,26.3
crepidula,Modern,26.3
crepidula,Modern,26.4
crepidula,Modern,26.9
crepidula,Modern,26.4
crepidula,Modern,27.4
crepidula,Modern,29.6
crepidula,Modern,26.9
crepidula,Modern,26.3
crepidula,Modern,27.4
crepidula,Modern,27.4
crepidula,Modern,26.3
crepidula,Modern,29.6
crepidula,Modern,26.3
crepidula,Modern,26.3
crepidula,Modern,26.4
crepidula,Modern,26.9
crepidula,Modern,26.3
crepidula,Modern,26.3
crepidula,Modern,26.4
crepidula,Modern,26.3
crepidula,Modern,26.3
crepidula,Modern,26.9
crepidula,Modern,26.4
crepidula,Modern,25.7883
crepidula,Modern,30.40427
crepidula,Modern,26.433333
crepidula,Modern,26.433333
crepidula,Modern,26.433333
crepidula,Modern,26.44
crepidula,Modern,26.433333
crepidula,Modern,26.433333
crepidula,Modern,26.433333
crepidula,Modern,25.972222
crepidula,Modern,26.44
crepidula,Modern,27.099444
crepidula,Modern,27.6667
crepidula,Modern,29.0167
crepidula,Modern,39.362425
crepidula,Modern,27.797968
crepidula,Modern,27.797968
crepidula,Modern,30.3322
crepidula,Modern,34.7165
crepidula,Modern,26.200367
crepidula,Modern,29.232583
crepidula,Modern,29.232583
crepidula,Modern,25.936508
crepidula,Modern,26.774463
crepidula,Modern,26.774463
crepidula,Modern,26.770171
crepidula,Modern,26.770171
crepidula,Modern,28.332667
crepidula,Modern,26.44
crepidula,Modern,30.406
crepidula,Modern,26.44
crepidula,Modern,27.9
crepidula,Modern,34.725
crepidula,Modern,34.725
crepidula,Modern,34.726667
crepidula,Modern,27.625
crepidula,Modern,26.522778
crepidula,Modern,26.522778
crepidula,Modern,26.440359
crepidula,Modern,26.440359
crepidula,Modern,27.283333
crepidula,Modern,26.133333
crepidula,Modern,38.583333
crepidula,Modern,24.816667
crepidula,Modern,24.816667
crepidula,Modern,24.816667
crepidula,Modern,36.8961
crepidula,Modern,37.629155
crepidula,Modern,37.59296
crepidula,Modern,37.629155
chama,Modern,24.59174
chama,Modern,26.75423
chama,Modern,24.7485
chama,Modern,29.5194
chama,Modern,24.59174
chama,Modern,27.39057
chama,Modern,25.46571
chama,Modern,26.66395
chama,Modern,24.59174
chama,Modern,26.75423
chama,Modern,25.81408
chama,Modern,24.82443
chama,Modern,26.66395
chama,Modern,26.09703
chama,Modern,24.59174
chama,Modern,27.9774
chama,Modern,26.6159
chama,Modern,32.33993
chama,Modern,24.59174
chama,Modern,25.81408
chama,Modern,26.436387
chama,Modern,26.071377
chama,Modern,24.815082
chama,Modern,26.341737
chama,Modern,27.642975
chama,Modern,26.019967
chama,Modern,26.224187
chama,Modern,25.857533
chama,Modern,26.262602
chama,Modern,25.90292
chama,Modern,26.435745
chama,Modern,27.115061
chama,Modern,25.857346
chama,Modern,27.77422
chama,Modern,26.588066
chama,Modern,26.436601
chama,Modern,26.436924
chama,Modern,25.818059
chama,Modern,26.008674
chama,Modern,27.134566
chama,Modern,26.021104
chama,Modern,26.436611
chama,Modern,26.436511
chama,Modern,26.019689
chama,Modern,25.982258
chama,Modern,25.943491
chama,Modern,26.442212
chama,Modern,24.730486
chama,Modern,27.53517
chama,Modern,25.79237
chama,Modern,27.797295
chama,Modern,35.251342
chama,Modern,27.70902
chama,Modern,26.479637
chama,Modern,25.85811
chama,Modern,27.810767
chama,Modern,24.858747
chama,Modern,25.789368
chama,Modern,26.428394
chama,Modern,26.438222
chama,Modern,26.521127
chama,Modern,26.436167
chama,Modern,26.074675
chama,Modern,26.437324
chama,Modern,25.809658
chama,Modern,25.817765
chama,Modern,27.799853
chama,Modern,26.436289
chama,Modern,27.799009
chama,Modern,34.647713
chama,Modern,26.017512
chama,Modern,26.442308
chama,Modern,25.818147
chama,Modern,34.64758
chama,Modern,26.436051
chama,Modern,25.81862
chama,Modern,26.435912
chama,Modern,25.81864
chama,Modern,26.077407
chama,Modern,25.795085
chama,Modern,25.782414
chama,Modern,26.070195
chama,Modern,26.220093
chama,Modern,25.817644
chama,Modern,27.866367
chama,Modern,25.809672
chama,Modern,27.089886
chama,Modern,27.689184
chama,Modern,26.436592
chama,Modern,26.437167
chama,Modern,26.413836
chama,Modern,26.526048
chama,Modern,26.436693
chama,Modern,29.043375
chama,Modern,33.39447
chama,Modern,26.041534
chama,Modern,26.526208
chama,Modern,26.074675
chama,Modern,27.263695
chama,Modern,26.436019
chama,Modern,25.818628
chama,Modern,25.820592
chama,Modern,26.074675
chama,Modern,25.997072
chama,Modern,25.817965
chama,Modern,33.727387
chama,Modern,26.436803
chama,Modern,25.81963
chama,Modern,33.729889
chama,Modern,25.820323
chama,Modern,26.068813
chama,Modern,25.809653
chama,Modern,34.671513
chama,Modern,28.315635
chama,Modern,27.30226
chama,Modern,26.252344
chama,Modern,27.134566
chama,Modern,26.007072
chama,Modern,25.818603
chama,Modern,27.770184
chama,Modern,25.954833
chama,Modern,26.22101
chama,Modern,26.43643
chama,Modern,27.253448
chama,Modern,26.4815
chama,Modern,25.7883
chama,Modern,27.7454
chama,Modern,27.88
chama,Modern,24.7517
chama,Modern,26.52813
chama,Modern,26.3469
chama,Modern,34.72278
chama,Modern,26.6147
chama,Modern,25.6786
chama,Modern,26.5708
chama,Modern,26.52813
chama,Modern,27.2553
chama,Modern,26.52813
chama,Modern,32.2
chama,Modern,27.26584
chama,Modern,28.14592
chama,Modern,34.7873
chama,Modern,26.52813
chama,Modern,27.26584
chama,Modern,25.77633
chama,Modern,27.2176
chama,Modern,26.52813
chama,Modern,24.7517
chama,Modern,26.4807
chama,Modern,26.52813
chama,Modern,34.7873
chama,Modern,24.59
chama,Modern,24.6588
chama,Modern,25.90005
chama,Modern,28.14592
chama,Modern,25.728
chama,Modern,25.87622
chama,Modern,26.87
chama,Modern,26.44
chama,Modern,25.88
chama,Modern,24.67
chama,Modern,26.62
chama,Modern,34.7181
chama,Modern,28.43
chama,Modern,26.44
chama,Modern,26.62
chama,Modern,27.2
chama,Modern,30.42
chama,Modern,26.14
chama,Modern,34.72
chama,Modern,27.77
chama,Modern,26.44
chama,Modern,26.44
chama,Modern,26.44
chama,Modern,28.4
chama,Modern,26.44
chama,Modern,24.695
chama,Modern,26.6147
chama,Modern,26.52813
chama,Modern,26.52813
chama,Modern,24.59
chama,Modern,28.14592
chama,Modern,24.7517
chama,Modern,34.7873
chama,Modern,24.825
chama,Modern,26.35
chama,Modern,27.336435
chama,Modern,25.819766
chama,Modern,25.722077
chama,Modern,25.197109
chama,Modern,27.4667
chama,Modern,26.45
chama,Modern,24.865642
chama,Modern,25.8601
chama,Modern,27.8
chama,Modern,32.38
chama,Modern,26.14
chama,Modern,26.62
chama,Modern,24.57
chama,Modern,24.72
chama,Modern,25.83
chama,Modern,25.8
chama,Modern,26.3
chama,Modern,26.3
chama,Modern,26.3
chama,Modern,27.4
chama,Modern,24.57425
chama,Modern,27.78333
chama,Modern,27.46027
chama,Modern,26.433333
chama,Modern,26.433333
chama,Modern,26.44
chama,Modern,26.433333
chama,Modern,27.998462
chama,Modern,26.744166
chama,Modern,27.998462
chama,Modern,27.498928
chama,Modern,24.676311
chama,Modern,25.238175
chama,Modern,26.935
chama,Modern,24.713752
chama,Modern,26.440359
chama,Modern,26.440359
chama,Modern,24.816667
chama,Modern,24.816667
astarte,Modern,26.70562
astarte,Modern,39.36428
astarte,Modern,38.63769
astarte,Modern,34.72414
astarte,Modern,40.24317
astarte,Modern,38.63769
astarte,Modern,39.68
astarte,Modern,27.91677
astarte,Modern,38.63769
astarte,Modern,33.01384
astarte,Modern,40.406137
astarte,Modern,40.161367
astarte,Modern,38.433673
astarte,Modern,38.432003
astarte,Modern,40.313075
astarte,Modern,39.967541
astarte,Modern,40.169583
astarte,Modern,39.068983
astarte,Modern,40.215637
astarte,Modern,38.443611
astarte,Modern,35.935372
astarte,Modern,39.925161
astarte,Modern,40.071734
astarte,Modern,40.31741
astarte,Modern,38.425129
astarte,Modern,40.400459
astarte,Modern,40.42812
astarte,Modern,39.956511
astarte,Modern,40.42813
astarte,Modern,38.451283
astarte,Modern,40.428087
astarte,Modern,40.407962
astarte,Modern,38.425129
astarte,Modern,40.217636
astarte,Modern,40.416644
astarte,Modern,40.406318
astarte,Modern,40.407607
astarte,Modern,40.320614
astarte,Modern,38.606378
astarte,Modern,38.604453
astarte,Modern,39.925161
astarte,Modern,38.592594
astarte,Modern,40.428167
astarte,Modern,38.432931
astarte,Modern,39.905495
astarte,Modern,38.606317
astarte,Modern,38.431289
astarte,Modern,40.453217
astarte,Modern,40.141945
astarte,Modern,40.31725
astarte,Modern,39.739033
astarte,Modern,38.750498
astarte,Modern,40.315762
astarte,Modern,39.957888
astarte,Modern,40.443262
astarte,Modern,40.416857
astarte,Modern,38.722254
astarte,Modern,38.425129
astarte,Modern,40.295408
astarte,Modern,40.428142
astarte,Modern,40.428162
astarte,Modern,40.459457
astarte,Modern,38.51289
astarte,Modern,37.938456
astarte,Modern,40.1114
astarte,Modern,38.432111
astarte,Modern,40.111924
astarte,Modern,40.427975
astarte,Modern,38.93553
astarte,Modern,39.870376
astarte,Modern,40.214391
astarte,Modern,40.15387
astarte,Modern,38.606514
astarte,Modern,40.448753
astarte,Modern,37.938456
astarte,Modern,39.925161
astarte,Modern,40.090972
astarte,Modern,39.915626
astarte,Modern,38.435032
astarte,Modern,39.975181
astarte,Modern,40.407739
astarte,Modern,40.415767
astarte,Modern,38.540013
astarte,Modern,40.143179
astarte,Modern,40.223095
astarte,Modern,40.479224
astarte,Modern,38.425129
astarte,Modern,40.186967
astarte,Modern,38.936537
astarte,Modern,40.305983
astarte,Modern,27.88
astarte,Modern,25.7883
astarte,Modern,27.88
astarte,Modern,25.7883
astarte,Modern,27.88
astarte,Modern,25.77
astarte,Modern,25.7883
astarte,Modern,25.7883
astarte,Modern,25.7883
astarte,Modern,25.7883
astarte,Modern,25.7883
astarte,Modern,25.7883
astarte,Modern,25.7883
astarte,Modern,25.7883
astarte,Modern,25.7883
astarte,Modern,25.7883
astarte,Modern,27.55
astarte,Modern,27.88
astarte,Modern,25.7883
astarte,Modern,27.88
astarte,Modern,25.7883
astarte,Modern,35.68
astarte,Modern,27.88
astarte,Modern,27.88
astarte,Modern,27.88
astarte,Modern,25.7883
astarte,Modern,25.7883
astarte,Modern,25.7883
astarte,Modern,25.7883
astarte,Modern,25.7883
astarte,Modern,27.88
astarte,Modern,25.7883
astarte,Modern,40.22028
astarte,Modern,30.4036
astarte,Modern,25.7883
astarte,Modern,26.5708
astarte,Modern,39.43
astarte,Modern,40.08
astarte,Modern,38.95
astarte,Modern,36.85
astarte,Modern,40.08
astarte,Modern,40.08
astarte,Modern,39.36
astarte,Modern,39.36
astarte,Modern,38.99
astarte,Modern,38.95
astarte,Modern,33.85
astarte,Modern,40.414892
astarte,Modern,38.942
astarte,Modern,38.942
astarte,Modern,38.425129
astarte,Modern,39.75
astarte,Modern,40.08
astarte,Modern,40.17
astarte,Modern,27.88
